"0","d$stockPhoto
"
"1","  [1]"
"1"," yes"
"1"," yes"
"1"," no "
"1"," yes"
"1"," yes"
"1"," yes"
"1"," yes"
"1"," yes"
"1"," yes"
"1"," no "
"1"," yes"
"1"," yes"
"1"," yes"
"1"," yes"
"1"," yes"
"1"," yes"
"1"," yes"
"1"," yes"
"1"," yes"
"1"," yes"
"1"," yes"
"1","
"
"1"," [22]"
"1"," yes"
"1"," yes"
"1"," yes"
"1"," yes"
"1"," yes"
"1"," yes"
"1"," no "
"1"," yes"
"1"," yes"
"1"," yes"
"1"," yes"
"1"," yes"
"1"," yes"
"1"," yes"
"1"," no "
"1"," no "
"1"," yes"
"1"," yes"
"1"," no "
"1"," no "
"1"," no "
"1","
"
"1"," [43]"
"1"," yes"
"1"," yes"
"1"," yes"
"1"," yes"
"1"," yes"
"1"," yes"
"1"," no "
"1"," yes"
"1"," yes"
"1"," no "
"1"," yes"
"1"," yes"
"1"," yes"
"1"," no "
"1"," no "
"1"," no "
"1"," no "
"1"," yes"
"1"," yes"
"1"," yes"
"1"," no "
"1","
"
"1"," [64]"
"1"," yes"
"1"," yes"
"1"," yes"
"1"," no "
"1"," no "
"1"," yes"
"1"," no "
"1"," no "
"1"," yes"
"1"," yes"
"1"," no "
"1"," yes"
"1"," no "
"1"," yes"
"1"," yes"
"1"," yes"
"1"," yes"
"1"," yes"
"1"," no "
"1"," yes"
"1"," yes"
"1","
"
"1"," [85]"
"1"," yes"
"1"," yes"
"1"," yes"
"1"," yes"
"1"," no "
"1"," yes"
"1"," yes"
"1"," yes"
"1"," yes"
"1"," yes"
"1"," yes"
"1"," yes"
"1"," no "
"1"," no "
"1"," no "
"1"," yes"
"1"," yes"
"1"," yes"
"1"," no "
"1"," yes"
"1"," no "
"1","
"
"1","[106]"
"1"," yes"
"1"," yes"
"1"," yes"
"1"," yes"
"1"," yes"
"1"," yes"
"1"," yes"
"1"," yes"
"1"," yes"
"1"," yes"
"1"," yes"
"1"," yes"
"1"," yes"
"1"," yes"
"1"," no "
"1"," yes"
"1"," no "
"1"," no "
"1"," yes"
"1"," yes"
"1"," yes"
"1","
"
"1","[127]"
"1"," yes"
"1"," yes"
"1"," yes"
"1"," no "
"1"," yes"
"1"," yes"
"1"," no "
"1"," yes"
"1"," yes"
"1"," no "
"1"," yes"
"1"," no "
"1"," yes"
"1"," no "
"1"," yes"
"1","
"
"1","Levels: "
"1","no yes"
"1","
"
